{"cameraMode":{"drawMode":0,"name":"Shaded","section":"Shading Mode"},"sceneLighting":false,"audioPlay":false,"sceneViewState":{"showFog":true,"showMaterialUpdate":false,"showSkybox":true,"showFlares":true,"showImageEffects":true,"showParticleSystems":true},"in2DMode":false,"pivot":{"x":25.239973068237306,"y":8.703325271606446,"z":-27.06223487854004},"rotation":{"x":-0.03929278999567032,"y":-0.969092071056366,"z":0.05303013697266579,"w":0.2377067655324936},"size":12.323659896850586,"orthographic":false}