{"cameraMode":{"drawMode":0,"name":"Shaded","section":"Shading Mode"},"sceneLighting":true,"audioPlay":false,"sceneViewState":{"showFog":true,"showMaterialUpdate":false,"showSkybox":true,"showFlares":true,"showImageEffects":true,"showParticleSystems":true},"in2DMode":false,"pivot":{"x":581.1612548828125,"y":227.68643188476563,"z":-30.690170288085939},"rotation":{"x":-0.06472678482532501,"y":-0.035320911556482318,"z":0.0022915806621313097,"w":-0.9972751140594482},"size":2140.99658203125,"orthographic":false}