{"cameraMode":{"drawMode":0,"name":"Shaded","section":"Shading Mode"},"sceneLighting":false,"audioPlay":false,"sceneViewState":{"showFog":true,"showMaterialUpdate":false,"showSkybox":true,"showFlares":true,"showImageEffects":true,"showParticleSystems":true},"in2DMode":false,"pivot":{"x":-2.968770980834961,"y":-6.479875087738037,"z":-16.882246017456056},"rotation":{"x":-0.03706308826804161,"y":-0.9743186831474304,"z":0.21110102534294129,"w":0.06903524696826935},"size":29.264732360839845,"orthographic":false}