{"cameraMode":{"drawMode":0,"name":"Shaded","section":"Shading Mode"},"sceneLighting":true,"audioPlay":false,"sceneViewState":{"showFog":true,"showMaterialUpdate":false,"showSkybox":true,"showFlares":true,"showImageEffects":true,"showParticleSystems":true},"in2DMode":false,"pivot":{"x":25.851669311523439,"y":9.67809772491455,"z":-28.195791244506837},"rotation":{"x":0.11417548358440399,"y":-0.7163692712783814,"z":0.20124873518943788,"w":0.6582385301589966},"size":0.40385177731513979,"orthographic":false}