{"cameraMode":{"drawMode":0,"name":"Shaded","section":"Shading Mode"},"sceneLighting":false,"audioPlay":false,"sceneViewState":{"showFog":true,"showMaterialUpdate":false,"showSkybox":true,"showFlares":true,"showImageEffects":true,"showParticleSystems":true},"in2DMode":false,"pivot":{"x":25.178607940673829,"y":-1.4884443283081055,"z":-14.450143814086914},"rotation":{"x":0.011714213527739048,"y":-0.8946053385734558,"z":0.144717276096344,"w":0.42261213064193728},"size":7.316183567047119,"orthographic":false}