{"cameraMode":{"drawMode":0,"name":"Shaded","section":"Shading Mode"},"sceneLighting":false,"audioPlay":false,"sceneViewState":{"showFog":true,"showMaterialUpdate":false,"showSkybox":true,"showFlares":true,"showImageEffects":true,"showParticleSystems":true},"in2DMode":false,"pivot":{"x":-3.8124499320983888,"y":0.271684467792511,"z":3.08284854888916},"rotation":{"x":0.02588033862411976,"y":0.9360566139221191,"z":-0.07046150416135788,"w":0.34374910593032839},"size":3.116588830947876,"orthographic":false}