{"cameraMode":{"drawMode":0,"name":"Shaded","section":"Shading Mode"},"sceneLighting":true,"audioPlay":false,"sceneViewState":{"showFog":true,"showMaterialUpdate":false,"showSkybox":true,"showFlares":true,"showImageEffects":true,"showParticleSystems":true},"in2DMode":false,"pivot":{"x":138.41993713378907,"y":-56.16599655151367,"z":-45.6477165222168},"rotation":{"x":-0.08024012297391892,"y":-0.9173573851585388,"z":0.3081323206424713,"w":-0.23889653384685517},"size":60.01555252075195,"orthographic":false}