{"cameraMode":{"drawMode":0,"name":"Shaded","section":"Shading Mode"},"sceneLighting":false,"audioPlay":false,"sceneViewState":{"showFog":true,"showMaterialUpdate":false,"showSkybox":true,"showFlares":true,"showImageEffects":true,"showParticleSystems":true},"in2DMode":false,"pivot":{"x":6.5849127769470219,"y":8.539962768554688,"z":-8.079421997070313},"rotation":{"x":0.3126440644264221,"y":-0.30952373147010805,"z":0.10856130719184876,"w":0.8914388418197632},"size":8.083316802978516,"orthographic":false}