{"cameraMode":{"drawMode":0,"name":"Shaded","section":"Shading Mode"},"sceneLighting":true,"audioPlay":false,"sceneViewState":{"showFog":true,"showMaterialUpdate":false,"showSkybox":true,"showFlares":true,"showImageEffects":true,"showParticleSystems":true},"in2DMode":false,"pivot":{"x":-916.6859741210938,"y":-156.43246459960938,"z":-3712.3974609375},"rotation":{"x":-0.035203706473112109,"y":0.9241185188293457,"z":-0.08788269758224487,"w":-0.37019237875938418},"size":2140.99658203125,"orthographic":false}