{"cameraMode":{"drawMode":0,"name":"Shaded","section":"Shading Mode"},"sceneLighting":true,"audioPlay":false,"sceneViewState":{"showFog":true,"showMaterialUpdate":false,"showSkybox":true,"showFlares":true,"showImageEffects":true,"showParticleSystems":true},"in2DMode":false,"pivot":{"x":1.523515224456787,"y":5.550097465515137,"z":3.4249236583709719},"rotation":{"x":-0.0010570540325716138,"y":0.9948676228523254,"z":-0.10063748806715012,"w":-0.010461125522851944},"size":0.3775196969509125,"orthographic":false}